p	count
rdf:type	92404
http://www.w3.org/2002/07/owl#sameAs	32259
rdfs:label	30313
http://purl.org/dc/terms/subject	23141
rdfs:comment	19100
http://dbpedia.org/ontology/abstract	17867
http://www.w3.org/ns/prov#wasDerivedFrom	9459
http://dbpedia.org/ontology/wikiPageRevisionID	5972
http://purl.org/voc/vrank#hasRank	5972
http://xmlns.com/foaf/0.1/isPrimaryTopicOf	5972
http://dbpedia.org/ontology/wikiPageID	5972
http://dbpedia.org/property/iupacName	5502
http://dbpedia.org/ontology/iupacName	5451
http://dbpedia.org/property/molecularWeight	5445
http://xmlns.com/foaf/0.1/depiction	5345
http://dbpedia.org/ontology/thumbnail	5345
http://dbpedia.org/property/c	5340
http://dbpedia.org/property/h	5339
http://dbpedia.org/property/chemspiderid	5211
http://dbpedia.org/property/casNumber	5210
http://dbpedia.org/ontology/casNumber	5093
http://dbpedia.org/property/smiles	4937
http://dbpedia.org/property/pubchem	4919
http://dbpedia.org/ontology/pubchem	4791
http://dbpedia.org/property/atcPrefix	4741
http://dbpedia.org/property/o	4739
http://dbpedia.org/property/n	4735
http://dbpedia.org/ontology/atcPrefix	4619
http://dbpedia.org/property/verifiedrevid	4530
http://dbpedia.org/property/stdinchi	4320
http://dbpedia.org/property/stdinchikey	4320
http://dbpedia.org/property/inchi	3835
http://dbpedia.org/property/inchikey	3665
http://dbpedia.org/property/unii	3501
http://dbpedia.org/ontology/fdaUniiCode	3446
http://dbpedia.org/ontology/wikiPageExternalLink	3436
http://dbpedia.org/property/chembl	3069
http://dbpedia.org/property/routesOfAdministration	2792
http://dbpedia.org/property/atcSuffix	2727
http://dbpedia.org/property/verifiedfields	2681
http://dbpedia.org/ontology/atcSuffix	2667
rdfs:range	2588
rdfs:domain	2421
http://dbpedia.org/property/width	2409
http://dbpedia.org/property/kegg	2203
http://dbpedia.org/property/watchedfields	1881
http://dbpedia.org/property/drugbank	1632
http://dbpedia.org/ontology/drugbank	1594
http://dbpedia.org/property/legalStatus	1588
http://dbpedia.org/property/eliminationHalfLife	1510
http://dbpedia.org/property/iupharLigand	1427
http://dbpedia.org/property/tradename	1356
http://dbpedia.org/property/chebi	1313
http://dbpedia.org/property/image	1303
http://dbpedia.org/ontology/chEBI	1255
http://dbpedia.org/property/metabolism	1200
http://dbpedia.org/property/excretion	1183
http://dbpedia.org/property/legalUs	1163
http://dbpedia.org/property/s	1153
http://dbpedia.org/property/bioavailability	1026
http://dbpedia.org/property/synonyms	991
rdfs:subPropertyOf	975
http://dbpedia.org/property/medlineplus	925
http://dbpedia.org/property/pregnancyUs	924
http://dbpedia.org/property/proteinBound	809
http://dbpedia.org/property/cl	781
rdfs:subClassOf	769
http://dbpedia.org/property/legalUk	655
http://dbpedia.org/ontology/bioavailability	630
http://dbpedia.org/property/f	624
http://dbpedia.org/property/alt	589
http://dbpedia.org/property/drugName	582
http://dbpedia.org/property/type	556
http://dbpedia.org/property/pregnancyCategory	528
http://dbpedia.org/property/legalAu	512
http://xmlns.com/foaf/0.1/name	492
http://dbpedia.org/property/pregnancyAu	464
http://www.w3.org/2002/07/owl#equivalentClass	414
http://dbpedia.org/property/component	403
http://dbpedia.org/property/class	383
http://dbpedia.org/property/target	381
http://dbpedia.org/property/licenceUs	363
http://dbpedia.org/property/source	329
http://dbpedia.org/property/legalCa	292
http://dbpedia.org/ontology/casSupplemental	290
http://dbpedia.org/property/mabType	265
http://dbpedia.org/property/meltingPoint	228
http://dbpedia.org/property/imagename	221
http://www.w3.org/2002/07/owl#equivalentProperty	220
http://www.w3.org/2002/07/owl#differentFrom	210
rdfs:seeAlso	170
http://dbpedia.org/property/chemicalFormula	161
http://dbpedia.org/property/casSupplemental	159
http://dbpedia.org/property/licenceEu	143
http://dbpedia.org/property/br	135
http://xmlns.com/foaf/0.1/homepage	120
http://dbpedia.org/property/niaidChemdb	119
http://dbpedia.org/ontology/atcSupplemental	104
http://dbpedia.org/property/p	96
http://dbpedia.org/property/atcvet	94
http://dbpedia.org/property/meltingHigh	93
http://dbpedia.org/property/pdbLigand	82
http://dbpedia.org/property/i	81
http://dbpedia.org/property/dependencyLiability	78
http://dbpedia.org/property/caption	77
http://dbpedia.org/property/date	67
http://dbpedia.org/property/boilingPoint	58
http://dbpedia.org/property/solubility	53
http://dbpedia.org/property/density	48
http://dbpedia.org/property/onset	46
http://dbpedia.org/property/atcSupplemental	43
http://dbpedia.org/property/vaccineType	42
http://dbpedia.org/property/legalUn	40
http://dbpedia.org/property/reason	36
http://dbpedia.org/property/charge	33
http://dbpedia.org/property/na	32
http://dbpedia.org/property/dailymedid	26
http://dbpedia.org/property/durationOfAction	26
http://dbpedia.org/property/addictionLiability	26
http://www.w3.org/2002/07/owl#disjointWith	25
http://dbpedia.org/property/legalNz	22
http://dbpedia.org/property/pubchemsubstance	20
http://dbpedia.org/property/pronounce	18
http://dbpedia.org/property/imagel	17
http://dbpedia.org/property/imager	17
http://dbpedia.org/property/widthr	15
http://dbpedia.org/property/align	15
http://dbpedia.org/property/widthl	15
http://dbpedia.org/property/title	15
http://dbpedia.org/property/metabolites	14
http://dbpedia.org/property/auto	14
http://dbpedia.org/property/legalUkComment	13
http://dbpedia.org/property/drugbankRef	12
http://dbpedia.org/property/drugs.com	12
http://dbpedia.org/property/direction	11
http://dbpedia.org/property/boilingNotes	11
http://dbpedia.org/property/gd	10
http://dbpedia.org/property/legalUsComment	9
http://dbpedia.org/property/name	9
http://dbpedia.org/property/specificRotation	8
http://dbpedia.org/property/pregnancyUsComment	7
http://dbpedia.org/property/pt	7
http://dbpedia.org/property/colwidth	7
http://dbpedia.org/property/b	6
http://dbpedia.org/property/header	6
http://dbpedia.org/property/symbol	6
http://dbpedia.org/property/au	6
http://dbpedia.org/property/stdinchikeyRef	6
http://dbpedia.org/property/mg	5
http://dbpedia.org/property/meltingNotes	5
http://dbpedia.org/property/state	5
http://dbpedia.org/property/legalAuComment	5
http://dbpedia.org/property/part	4
http://dbpedia.org/property/al	4
http://dbpedia.org/property/url	4
http://dbpedia.org/property/co	4
http://dbpedia.org/property/biologicalTarget	4
http://dbpedia.org/property/fe	3
http://dbpedia.org/property/opmProtein	3
http://dbpedia.org/property/footer	3
http://dbpedia.org/property/chemspideridRef	3
http://dbpedia.org/property/opmFamily	3
http://dbpedia.org/property/bi	3
http://dbpedia.org/property/as	3
http://dbpedia.org/property/inaccurate	3
http://dbpedia.org/property/dextroamphetamine	3
http://dbpedia.org/property/headerAlign	3
http://dbpedia.org/property/lisdexamfetamine	3
http://dbpedia.org/property/amphetamine	3
http://dbpedia.org/property/sure	3
http://dbpedia.org/property/bot	3
http://dbpedia.org/property/tc	3
http://dbpedia.org/property/use	2
http://dbpedia.org/property/text	2
http://dbpedia.org/property/sb	2
http://dbpedia.org/property/durationEffect	2
http://dbpedia.org/property/rateType	2
http://dbpedia.org/property/k	2
http://dbpedia.org/property/col	2
http://dbpedia.org/property/legalEu	2
http://dbpedia.org/property/othernames	2
http://dbpedia.org/property/icd	2
http://dbpedia.org/property/chemicalFormulaComment	2
http://dbpedia.org/property/clinicInterval	2
http://dbpedia.org/property/entrezgene	2
http://dbpedia.org/property/annotFontSize	2
http://dbpedia.org/property/moaText	2
http://dbpedia.org/property/chromosome	2
http://dbpedia.org/property/stdProtectionYesno	2
http://dbpedia.org/property/id	2
http://dbpedia.org/property/chemblRef	2
http://dbpedia.org/property/dateFirstUse	2
http://dbpedia.org/property/author	2
http://dbpedia.org/property/annotTextAlign	2
http://dbpedia.org/property/pdbComplex	2
http://dbpedia.org/property/li	2
http://dbpedia.org/property/userReminders	2
http://dbpedia.org/property/perfectFailure%25_	2
http://dbpedia.org/property/imageLeft	2
http://dbpedia.org/property/bcType	2
http://dbpedia.org/property/weightGainLoss	2
http://dbpedia.org/property/imageTop	2
http://dbpedia.org/property/logp	2
http://dbpedia.org/property/uniprot	2
http://dbpedia.org/property/reversibility	2
http://creativecommons.org/ns#license	2
http://dbpedia.org/property/height	2
http://dbpedia.org/property/keggRef	2
http://dbpedia.org/property/imageWidth	2
http://dbpedia.org/property/ca	2
http://dbpedia.org/property/typicalFailure%25_	2
http://dbpedia.org/property/stdinchiRef	2
http://dbpedia.org/property/entrezchromosome	1
http://dbpedia.org/property/numProtons	1
http://dbpedia.org/property/related	1
http://dbpedia.org/property/imageCaption	1
http://purl.org/dc/terms/modified	1
http://dbpedia.org/property/iupharLigand2Comment	1
http://dbpedia.org/property/wordnet_type	1
http://dbpedia.org/property/genlocEnd	1
http://dbpedia.org/property/website	1
http://dbpedia.org/property/cr	1
http://dbpedia.org/ontology/density	1
http://dbpedia.org/property/small	1
http://dbpedia.org/property/periods	1
http://dbpedia.org/property/langcode	1
http://dbpedia.org/property/mn	1
http://dbpedia.org/property/diseasesdb	1
http://dbpedia.org/property/goCode	1
http://dbpedia.org/property/imagesize	1
http://dbpedia.org/property/altl	1
http://purl.org/dc/terms/source	1
http://dbpedia.org/property/si	1
http://dbpedia.org/property/legalCaComment	1
http://dbpedia.org/property/hg	1
http://dbpedia.org/property/numNeutrons	1
http://purl.org/dc/terms/issued	1
http://dbpedia.org/property/iupacname	1
http://dbpedia.org/property/pdbSupplemental	1
http://dbpedia.org/property/iupharLigandComment	1
http://dbpedia.org/property/mo	1
http://purl.org/dc/terms/title	1
http://dbpedia.org/property/talk	1
http://dbpedia.org/property/periodsAdvantage	1
http://dbpedia.org/property/discuss	1
http://dbpedia.org/property/pdb	1
http://dbpedia.org/property/secCombustion	1
http://dbpedia.org/property/headerBackground	1
http://dbpedia.org/property/altr	1
http://www.w3.org/2002/07/owl#versionInfo	1
http://dbpedia.org/property/totalWidth	1
http://dbpedia.org/property/hgncid	1
http://dbpedia.org/property/molecularWeightRound	1
http://dbpedia.org/property/stdinchikeyComment	1
http://dbpedia.org/property/imagefile	1
http://dbpedia.org/property/ecNumber	1
http://dbpedia.org/property/failed	1
http://dbpedia.org/property/previousowners	1
http://dbpedia.org/property/legal	1
http://dbpedia.org/property/organism	1
http://dbpedia.org/property/medicalNotes	1
http://dbpedia.org/property/errorHalflife	1
http://dbpedia.org/property/alternateNames	1
http://dbpedia.org/property/boilingHigh	1
http://dbpedia.org/property/reactivity	1
http://dbpedia.org/property/df	1
http://dbpedia.org/property/taxid	1
http://dbpedia.org/property/casNumberRef	1
http://dbpedia.org/property/stdinchiComment	1
http://dbpedia.org/property/arm	1
http://dbpedia.org/property/refseq	1
http://purl.org/vocab/vann/preferredNamespaceUri	1
http://dbpedia.org/property/band	1
http://dbpedia.org/property/refseqmrna	1
http://dbpedia.org/property/imagealt	1
http://dbpedia.org/property/mass	1
http://dbpedia.org/property/ecnumber	1
http://dbpedia.org/property/dependenceLiability	1
http://dbpedia.org/property/breastfeedingYesno	1
http://purl.org/dc/terms/creator	1
http://dbpedia.org/property/markets	1
http://dbpedia.org/property/about	1
http://dbpedia.org/property/genlocStart	1
http://dbpedia.org/property/few	1
http://dbpedia.org/property/otherarticle	1
http://dbpedia.org/property/ag	1
http://dbpedia.org/property/adderall	1
http://dbpedia.org/property/currentowner	1
http://dbpedia.org/property/flammability	1
http://dbpedia.org/property/health	1
http://dbpedia.org/ontology/ChemicalSubstance/density	1
http://dbpedia.org/ontology/wikiPageRedirects	1
http://purl.org/dc/terms/description	1
http://dbpedia.org/property/tcdb	1
http://dbpedia.org/property/introduced	1
http://dbpedia.org/property/halflife	1
http://dbpedia.org/property/quote	1
http://dbpedia.org/property/benefits	1
http://dbpedia.org/property/omim	1
http://dbpedia.org/property/sr	1
http://dbpedia.org/property/link	1
http://purl.org/vocab/vann/preferredNamespacePrefix	1
http://dbpedia.org/property/refseqprotein	1
http://dbpedia.org/property/expiry	1
http://purl.org/dc/terms/publisher	1
http://dbpedia.org/property/massNumber	1
http://dbpedia.org/property/pubchem2Comment	1
